S. Number,Constituency Name,Winner,State,Winner Party,Margin
1,Araku,Gumma Thanuja Rani,Andhra Pradesh,YSRCP,"50,580"
2,Srikakulam,Kinjarapu Rammohan Naidu,Andhra Pradesh,TDP,"3,27,901"
3,Vizianagaram,Appalanaidu Kalisetti,Andhra Pradesh,TDP,"2,49,351"
4,Visakhapatnam,Sribharat Mathukumili,Andhra Pradesh,TDP,"5,04,247"
5,Anakapalle,CM Ramesh,Andhra Pradesh,BJP,"2,96,530"
6,Kakinada,Tangella Uday Srinivas,Andhra Pradesh,JSP,"2,29,491"
7,Amalapuram,Ganti Madhur Harish Balayogi,Andhra Pradesh,TDP,"3,42,196"
8,Rajahmundry,Daggubati Purandheshwari,Andhra Pradesh,BJP,"2,39,139"
9,Narasapuram,Bhupathi Raju Srinivasa Varma,Andhra Pradesh,BJP,"2,76,802"
10,Eluru,Putta Mahesh Kumar,Andhra Pradesh,TDP,"1,81,857"
11,Machilipatnam,Balashowry Vallabhaneni,Andhra Pradesh,JSP,"2,23,179"
12,Vijayawada,Kesineni SivanathÂ Chinni,Andhra Pradesh,TDP,"2,82,085"
13,Guntur,Dr Chandra Sekhar Pemmasani,Andhra Pradesh,TDP,"3,44,695"
14,Narasaraopet,Lavu Srikrishna Devarayalu,Andhra Pradesh,TDP,"1,59,729"
15,Bapatla,Tenneti Krishna Prasad,Andhra Pradesh,TDP,"2,08,031"
16,Ongole,Magunta Sreenivasulu Reddy,Andhra Pradesh,TDP,"50,199"
17,Nandyal,Dr Byreddy Shabari,Andhra Pradesh,TDP,"1,11,975"
18,Kurnool,Bastipati Nagaraju Panchalingala,Andhra Pradesh,TDP,"1,11,298"
19,Ananthapur,Ambika G Lakshminarayana Valmiki,Andhra Pradesh,TDP,"1,88,555"
20,Hindupur,BK Parthasarathi,Andhra Pradesh,TDP,"1,32,427"
21,Kadapa,YS Avinash Reddy,Andhra Pradesh,YSRCP,"62,695"
22,Nellore,Prabhakar Reddy Vemireddy,Andhra Pradesh,TDP,"2,45,902"
23,Tirupati,Gurumoorthy Maddila,Andhra Pradesh,YSRCP,"14,569"
24,Rajampet,PV Midhun Reddy,Andhra Pradesh,YSRCP,"76,071"
25,Chitoor,Daggumalla Prasada Rao,Andhra Pradesh,TDP,"2,20,479"
26,Arunachal West,Kiren Rijiju,Arunachal Pradesh,BJP,"1,00,738"
27,Arunachal East,Tapir Gao,Arunachal Pradesh,BJP,"30,421"
28,Kokrajhar,Joyanta Basumatary,Assam,UPPL,"51,583"
29,Dhubri,Rakibul Hussain,Assam,Congress,"10,12,476"
30,Barpeta,Phani Bhusan Choudhury,Assam,AGP,"2,22,351"
31,Darrang-Udalguri,Dilip Saikia,Assam,BJP,"3,29,012"
32,Guwahati,Bijuli Kalita Medhi,Assam,BJP,"2,51,090"
33,Diphu,Amarsing Tisso,Assam,BJP,"1,47,603"
34,Karimganj,Kripanath Mallah,Assam,BJP,"18,360"
35,Silchar,Parimal Suklabaidya,Assam,BJP,"2,64,311"
36,Nagaon,Pradyut Bordoloi,Assam,Congress,"2,12,231"
37,Kaziranga,Kamakhya Prasad Tasa,Assam,BJP,"2,48,947"
38,Sonitpur,Ranjit Dutta,Assam,BJP,"3,61,408"
39,Lakhimpur,Pradan Baruah,Assam,BJP,"2,01,257"
40,Dibrugarh,Sarbananda Sonowal,Assam,BJP,"2,79,321"
41,Jorhat,Gaurav Gogoi,Assam,Congress,"1,44,393"
42,Valmiki Nagar,Sunil Kumar,Bihar,JDU,"98,675"
43,Paschim Champaran,Dr Sanjay Jaiswal,Bihar,BJP,"1,36,568"
44,Purvi Champaran,Radha Mohan Singh,Bihar,BJP,"88,287"
45,Sheohar,Lovely Anand,Bihar,JDU,"29,143"
46,Sitamarhi,Devesh Chandra Thakur,Bihar,JDU,"51,356"
47,Madhubani,Ashok Kumar Yadav,Bihar,BJP,"1,51,945"
48,Jhanjharpur,Ramprit Mandal,Bihar,JDU,"1,84,169"
49,Supaul,Dileshwar Kamait,Bihar,JDU,"1,69,803"
50,Araria,Pradeep Kumar Singh,Bihar,BJP,"20,094"
51,Kishanganj,Mohammad Jawed,Bihar,Congress,"59,692"
52,Katihar,Tariq Anwar,Bihar,Congress,"49,863"
53,Purnia,Rajesh Ranjan alias Pappu Yadav,Bihar,Independent,"23,847"
54,Madhepura,Dinesh Chandra Yadav,Bihar,JDU,"1,74,534"
55,Darbhanga,Gopal Jee Thakur,Bihar,BJP,"1,78,156"
56,Muzaffarpur,Raj Bhushan Choudhary,Bihar,BJP,"2,34,927"
57,Vaishali,Veena Devi,Bihar,LJP-RV,"89,634"
58,Gopalganj,Dr Alok Kumar Suman,Bihar,JDU,"1,27,180"
59,Siwan,Vijaylakshmi Devi Kushwaha,Bihar,JDU,"92,857"
60,Maharajganj,Janardan Singh Sigriwal,Bihar,BJP,"1,02,651"
61,Saran,Rajiv Pratap Rudy,Bihar,BJP,"13,661"
62,Hajipur,Chirag Paswan,Bihar,LJP-RV,"1,70,105"
63,Ujiarpur,Nityanand Rai,Bihar,BJP,"60,102"
64,Samastipur,Shambhavi Choudhary,Bihar,LJP-RV,"1,87,251"
65,Begusarai,Giriraj Singh,Bihar,BJP,"81,480"
66,Khagaria,Rajesh Verma,Bihar,LJP-RV,"1,61,131"
67,Bhagalpur,Ajay Kumar Mandal,Bihar,JDU,"1,04,868"
68,Banka,Girdhari Yadav,Bihar,JDU,"1,03,844"
69,Munger,Rajiv Ranjan Singh alias Lalan Singh,Bihar,JDU,"80,870"
70,Nalanda,Kaushalendra Kumar,Bihar,JDU,"1,69,114"
71,Patna Sahib,Ravi Shankar Prasad,Bihar,BJP,"1,53,846"
72,Pataliputra,Misha Bharti,Bihar,RJD,"85,174"
73,Arrah,Sudama Prasad,Bihar,CPI-ML,"59,808"
74,Buxar,Sudhakar Singh,Bihar,RJD,"30,091"
75,Sasaram,Manoj Kumar,Bihar,Congress,"19,157"
76,Karakat,Raja Ram Singh,Bihar,CPI-ML,"1,05,858"
77,Jahanabad,Surendra Prasad Yadav,Bihar,RJD,"1,42,591"
78,Aurangabad,Abhay Kumar Sinha,Bihar,RJD,"79,111"
79,Gaya,Jitan Ram Manjhi,Bihar,HAM-S,"1,01,812"
80,Nawada,Vivek Thakur,Bihar,BJP,"67,670"
81,Jamui,Arun Bharti,Bihar,LJP-RV,"1,12,482"
82,Chandigarh,Manish Tewari,Chandigarh,Congress,"2,504"
83,Sarguja,Chintamani Maharaj,Chhattisgarh,BJP,"64,822"
84,Raigarh,Radheyshyam Rathiya,Chhattisgarh,BJP,"2,40,391"
85,Janjgir-Champa,Kamlesh Jangde,Chhattisgarh,BJP,"60,000"
86,Korba,Jyotsna Charandas Mahant,Chhattisgarh,Congress,"43,283"
87,Bilaspur,Tokhan Sahu,Chhattisgarh,BJP,"1,64,558"
88,Rajnandgaon,Santosh Pandey,Chhattisgarh,BJP,"44,411"
89,Durg,Vijay Baghel,Chhattisgarh,BJP,"4,38,226"
90,Raipur,Brijmohan Agrawal,Chhattisgarh,BJP,"5,75,285"
91,Mahasamund,Roop Kumari Choudhary,Chhattisgarh,BJP,"1,45,456"
92,Bastar,Mahesh Kashyap,Chhattisgarh,BJP,"55,245"
93,Kanker,Bhojraj Nag,Chhattisgarh,BJP,"1,884"
94,Dadra and Nagar Haveli,Kalaben Mohanbhai Delkar,Dadra and Nagar Haveli,BJP,"57,584"
95,Daman and Diu,Umeshbhai Babubhai Patel,Daman and Diu,Independent,"6,225"
96,North Goa,Shripad Yesso Naik,Goa,BJP,"1,16,015"
97,South Goa,Captain Viriato Fernandes,Goa,Congress,"13,535"
98,Kachchh,Vinodbhai Lakhamshi Chavda,Gujarat,BJP,"2,68,782"
99,Banaskantha,Geniben Nagaji Thakor,Gujarat,Congress,"30,406"
100,Patan,Bharatsinhji Shankarji Dabhi,Gujarat,BJP,"31,876"
101,Mahesana,Haribhai Patel,Gujarat,BJP,"3,28,046"
102,Sabarkantha,Shobhaben Mahendrasinh Baraiya,Gujarat,BJP,"1,55,682"
103,Gandhinagar,Amit Shah,Gujarat,BJP,"7,44,716"
104,Ahmedabad East,Hasmukhbhai Patel,Gujarat,BJP,"4,61,755"
105,Ahmedabad West,Dineshbhai Makwana,Gujarat,BJP,"2,86,437"
106,Surendranagar,Chandubhai Chhaganbhai Shihora,Gujarat,BJP,"2,61,617"
107,Rajkot,Parshottambhai Rupala,Gujarat,BJP,"4,84,260"
108,Porbandar,Dr Mansukh Mandaviya,Gujarat,BJP,"3,83,360"
109,Jamnagar,Poonamben Hematbhai Maadam,Gujarat,BJP,"2,38,008"
110,Junagadh,Rajeshbhai Naranbhai Chudasama,Gujarat,BJP,"1,35,494"
111,Amreli,Bharatbhai Manubhai Sutariya,Gujarat,BJP,"3,21,068"
112,Bhavnagar,Nimuben Jayantibhai Bambhaniya,Gujarat,BJP,"4,55,289"
113,Anand,Mitesh Patel,Gujarat,BJP,"89,939"
114,Kheda,Devusinh Chauhan,Gujarat,BJP,"3,57,758"
115,Panchmahal,Rajpalsinh Mahendrasinh Jadav,Gujarat,BJP,"5,09,342"
116,Dahod,Jaswantsinh Sumanbhai Bhabhor,Gujarat,BJP,"3,33,677"
117,Vadodara,Dr Hemang Joshi,Gujarat,BJP,"5,82,126"
118,Chhota Udaipur,Jashubhai Bhilubhai Rathva,Gujarat,BJP,"3,98,777"
119,Bharuch,Mansukhbhai Dhanjibhai Vasava,Gujarat,BJP,"85,696"
120,Bardoli,Parbhubhai Nagarbhai Vasava,Gujarat,BJP,"2,30,253"
121,Surat,Mukeshkumar Dalal,Gujarat,BJP,Won Uncontested
122,Navsari,CR Patil,Gujarat,BJP,"7,73,551"
123,Valsad,Dhaval Laxmanbhai Patel,Gujarat,BJP,"2,10,704"
124,Ambala,Varun Chaudhry,Haryana,Congress,"49,036"
125,Kurukshetra,Naveen Jindal,Haryana,BJP,"29,021"
126,Sirsa,Kumari Selja,Haryana,Congress,"2,68,497"
127,Hisar,Jai Parkash,Haryana,Congress,"63,381"
128,Karnal,Manohar Lal Khattar,Haryana,BJP,"2,32,577"
129,Sonipat,Satpal Brahamchari,Haryana,Congress,"21,816"
130,Rohtak,Deepender Singh Hooda,Haryana,Congress,"3,45,298"
131,Bhiwani-Mahendragarh,Dharambir Singh,Haryana,BJP,"41,510"
132,Gurgaon,Rao Inderjit Singh,Haryana,BJP,"75,079"
133,Faridabad,Krishan Pal Gurjar,Haryana,BJP,"1,72,914"
134,Kangra,Dr Rajeev Bhardwaj,Himachal Pradesh,BJP,"2,51,895"
135,Mandi,Kangana Ranaut,Himachal Pradesh,BJP,"74,755"
136,Hamirpur,Anurag Singh Thakur,Himachal Pradesh,BJP,"1,82,357"
137,Shimla,Suresh Kumar Kashyap,Himachal Pradesh,BJP,"91,451"
138,Baramulla,Abdul Rashid Sheikh,Jammu and Kashmir,Independent,"2,04,142"
139,Srinagar,Aga Syed Ruhullah Mehdi,Jammu and Kashmir,JKNC,"1,88,416"
140,Anantnag-Rajouri,Mian Altaf Ahmad,Jammu and Kashmir,JKNC,"2,81,794"
141,Udhampur,Dr Jitendra Singh,Jammu and Kashmir,BJP,"1,24,373"
142,Jammu,Jugal Kishore Sharma,Jammu and Kashmir,BJP,"1,35,498"
143,Rajmahal,Vijay Kumar Hansdak,Jharkhand,JMM,"1,78,264"
144,Dumka,Nalin Soren,Jharkhand,JMM,"22,527"
145,Godda,Nishikant Dubey,Jharkhand,BJP,"1,01,813"
146,Chatra,Kali Charan Singh,Jharkhand,BJP,"2,20,959"
147,Kodarma,Annapurna Devi,Jharkhand,BJP,"3,77,014"
148,Giridih,Chandra Prakash Choudhary,Jharkhand,AJSU,"80,880"
149,Dhanbad,Dulu Mahato,Jharkhand,BJP,"3,31,583"
150,Ranchi,Sanjay Seth,Jharkhand,BJP,"1,20,512"
151,Jamshedpur,Bidyut Baran Mahato,Jharkhand,BJP,"2,59,782"
152,Singhbhum,Joba Majhi,Jharkhand,JMM,"1,68,402"
153,Khunti,Kali Charan Munda,Jharkhand,Congress,"1,49,675"
154,Lohardaga,Sukhdeo Bhagat,Jharkhand,Congress,"1,39,138"
155,Palamau,Vishnu Dayal Ram,Jharkhand,BJP,"2,88,807"
156,Hazaribagh,Manish Jaiswal,Jharkhand,BJP,"2,76,686"
157,Chikkodi,Priyanka Satish Jarkiholi,Karnataka,Congress,"90,834"
158,Belagavi,Jagadish Shettar,Karnataka,BJP,"1,78,437"
159,Bagalkot,Parvatagouda C Gaddigoudar,Karnataka,BJP,"68,399"
160,Bijapur,Ramesh Jigajinagi,Karnataka,BJP,"77,229"
161,Kalaburagi (Gulbarga),Radhakrishna,Karnataka,Congress,"27,205"
162,Raichur,G Kumair Naik,Karnataka,Congress,"79,781"
163,Bidar,Sagar Eshwar Khandre,Karnataka,Congress,"1,28,875"
164,Koppal,K Rajashekar Basavaraj Hintal,Karnataka,Congress,"46,357"
165,Bellary,E Tukaram,Karnataka,Congress,"98,992"
166,Haveri,Basavaraj Bommai,Karnataka,BJP,"43,513"
167,Dharwad,Pralhad Joshi,Karnataka,BJP,"97,324"
168,Uttara Kannada,Vishweshwar Hegde Kageri,Karnataka,BJP,"3,37,428"
169,Davanagere,Dr Prabha Mallikarjun,Karnataka,Congress,"26,094"
170,Shimoga,BY Raghavendra,Karnataka,BJP,"2,43,715"
171,Udupi Chikmagalur,Kota Srinivas Poojary,Karnataka,BJP,"2,59,175"
172,Hassan,Shreyas M Patel,Karnataka,Congress,"42,649"
173,Dakshina Kannada,Captain Brijesh Chowta,Karnataka,BJP,"1,49,208"
174,Chitradurga,Govind M Karjol,Karnataka,BJP,"48,121"
175,Tumkur,V Somanna,Karnataka,BJP,"1,75,594"
176,Mandya,HD Kumaraswamy,Karnataka,JDS,"2,84,620"
177,Mysore,Yaduveer Krishnadatta Chamaraja Wadiyar,Karnataka,BJP,"1,39,262"
178,Chamarajanagar,Sunil Bose,Karnataka,Congress,"1,88,706"
179,Bangalore Rural,Dr CN Manjunath,Karnataka,BJP,"2,69,647"
180,Bangalore North,Shobha Karandlaje,Karnataka,BJP,"2,59,476"
181,Bangalore Central,PC Mohan,Karnataka,BJP,"32,707"
182,Bangalore South,Tejasvi Surya,Karnataka,BJP,"2,77,083"
183,Chikballapur,Dr K Sudhakar,Karnataka,BJP,"1,63,460"
184,Kolar,M Mallesh Babu,Karnataka,JDS,"71,388"
185,Kasaragod,Rajmohan Unnithan,Kerala,Congress,"1,00,649"
186,Kannur,K Sudhakaran,Kerala,Congress,"1,08,982"
187,Vatakara,Shafi Parambil,Kerala,Congress,"1,14,506"
188,Wayanad,Rahul Gandhi,Kerala,Congress,"3,64,422"
189,Kozhikode,MK Raghavan,Kerala,Congress,"1,46,176"
190,Malappuram,ET Mohammed Basheer,Kerala,IUML,"3,00,118"
191,Ponnani,Dr MP Abdussamad Samadani,Kerala,IUML,"2,35,760"
192,Palakkad,VK Sreekandan,Kerala,Congress,"75,283"
193,Alathur,K Radhakrishnan,Kerala,CPM,"20,111"
194,Thrissur,Suresh Gopi,Kerala,BJP,"74,686"
195,Chalakudy,Benny Behanan,Kerala,Congress,"63,754"
196,Ernakulam,Hibi Eden,Kerala,Congress,"2,50,385"
197,Idukki,Advocate Dean Kuriakose,Kerala,Congress,"1,33,727"
198,Kottayam,K Francis George,Kerala,KEC,"87,266"
199,Alappuzha,KC Venugopal,Kerala,Congress,"63,513"
200,Mavelikara,Kodikunnil Suresh,Kerala,Congress,"10,868"
201,Pathanamthitta,Anto Antony,Kerala,Congress,"66,119"
202,Kollam,NK Premachandran,Kerala,RSP,"1,50,302"
203,Attingal,Advocate Adoor Prakash,Kerala,Congress,684
204,Thiruvananthapuram,Shashi Tharoor,Kerala,Congress,"16,077"
205,Ladakh,Mohmad Haneefa,Ladakh,Independent,"27,862"
206,Lakshadweep,Muhammed Hamdullah Sayeed,Lakshadweep,Congress,"2,647"
207,Morena,Shivmangal Singh Tomar,Madhya Pradesh,BJP,"52,530"
208,Bhind,Sandhya Ray,Madhya Pradesh,BJP,"64,840"
209,Gwalior,Bharat Singh Kushwah,Madhya Pradesh,BJP,"70,210"
210,Guna,Jyotiraditya Scindia,Madhya Pradesh,BJP,"5,40,929"
211,Sagar,Dr Lata Wankhede,Madhya Pradesh,BJP,"4,71,222"
212,Tikamgarh,Dr Virendra Kumar Khatik,Madhya Pradesh,BJP,"4,03,312"
213,Damoh,Rahul Singh Lodhi,Madhya Pradesh,BJP,"4,06,426"
214,Khajuraho,Vishnu Datt Sharma,Madhya Pradesh,BJP,"5,41,229"
215,Satna,Ganesh Singh,Madhya Pradesh,BJP,"84,949"
216,Rewa,Janardan Mishra,Madhya Pradesh,BJP,"1,93,374"
217,Sidhi,Dr Rajesh Mishra,Madhya Pradesh,BJP,"2,06,416"
218,Shahdol,Himadri Singh,Madhya Pradesh,BJP,"3,97,340"
219,Jabalpur,Ashish Dubey,Madhya Pradesh,BJP,"4,86,674"
220,Mandla,Faggan Singh Kulaste,Madhya Pradesh,BJP,"1,03,846"
221,Balaghat,Bharti Pardhi,Madhya Pradesh,BJP,"1,74,512"
222,Chhindwara,Bunty Vivek Sahu,Madhya Pradesh,BJP,"1,13,618"
223,Hoshangabad,Darshan Singh Choudhary,Madhya Pradesh,BJP,"4,31,696"
224,Vidisha,Shivraj Singh Chouhan,Madhya Pradesh,BJP,"8,21,408"
225,Bhopal,Alok Sharma,Madhya Pradesh,BJP,"5,01,499"
226,Rajgarh,Rodmal Nagar,Madhya Pradesh,BJP,"1,46,089"
227,Dewas,Mahendra Singh Solanky,Madhya Pradesh,BJP,"4,25,225"
228,Ujjain,Anil Firojiya,Madhya Pradesh,BJP,"3,75,860"
229,Mandsaur,Sudheer Gupta,Madhya Pradesh,BJP,"5,00,655"
230,Ratlam,Anita Nagarsingh Chouhan,Madhya Pradesh,BJP,"2,07,232"
231,Dhar,Savitri Thakur,Madhya Pradesh,BJP,"2,18,665"
232,Indore,Shankar Lalwani,Madhya Pradesh,BJP,"11,75,092"
233,Khargone,Gajendra Singh Patel,Madhya Pradesh,BJP,"1,35,018"
234,Khandwa,Gyaneshwar Patil,Madhya Pradesh,BJP,"2,69,971"
235,Betul,Durgadas Uikey,Madhya Pradesh,BJP,"3,79,761"
236,Nandurbar,Gowaal Kagada Padavi,Maharashtra,Congress,"1,59,120"
237,Dhule,Shobha Dinesh Bachhav,Maharashtra,Congress,"3,831"
238,Jalgaon,Smita Uday Wagh,Maharashtra,BJP,"2,51,594"
239,Raver,Raksha Nikhil Khadse,Maharashtra,BJP,"2,72,183"
240,Buldhana,Prataprao Ganpatrao Jadhav,Maharashtra,Shiv Sena,"29,479"
241,Akola,Anup Sanjay Dhotre,Maharashtra,BJP,"40,626"
242,Amravati,Balwant Baswant Wankhede,Maharashtra,Congress,"19,731"
243,Wardha,Amar Sharadrao Kale,Maharashtra,NCP-Sharad Pawar,"81,648"
244,Ramtek,Shyamkumar Daulat Barve,Maharashtra,Congress,"76,768"
245,Nagpur,Nitin Jairam Gadkari,Maharashtra,BJP,"1,37,603"
246,Bhandara-Gondiya,Dr Prashant Yadaorao Padole,Maharashtra,Congress,"37,380"
247,Gadchiroli-Chimur,Dr Kirsan Namdeo,Maharashtra,Congress,"1,41,696"
248,Chandrapur,Pratibha Suresh Dhanorkar,Maharashtra,Congress,"2,60,406"
249,Yavatmal-Washim,Sanjay Uttamrao Deshmukh,Maharashtra,Shiv Sena-UBT,"94,473"
250,Hingoli,Nagesh Bapurao Aashtikar Patil,Maharashtra,Shiv Sena-UBT,"1,08,602"
251,Nanded,Vasantrao Balwantrao Chavan,Maharashtra,Congress,"59,442"
252,Parbhani,Sanjay Haribhau Jadhav,Maharashtra,Shiv Sena-UBT,"1,34,061"
253,Jalna,Kalyan Vaijinathrao Kale,Maharashtra,Congress,"1,09,958"
254,Aurangabad,Sandipanrao Asaram Bhumare,Maharashtra,Shiv Sena,"1,34,650"
255,Dindori,Bhaskar Murlidhar Bhagare,Maharashtra,NCP-Sharad Pawar,"1,13,199"
256,Nashik,Rajabhau Prakash Waje,Maharashtra,Shiv Sena-UBT,"1,62,001"
257,Palghar,Dr Hemant Vishnu Savara,Maharashtra,BJP,"1,83,306"
258,Bhiwandi,Suresh Gopinath Mhatre,Maharashtra,NCP-Sharad Pawar,"66,121"
259,Kalyan,Dr Shrikant Eknath Shinde,Maharashtra,Shiv Sena,"2,09,144"
260,Thane,Naresh Ganpat Mhaske,Maharashtra,Shiv Sena,"2,17,011"
261,Mumbai North,Piyush Goyal,Maharashtra,BJP,"3,57,608"
262,Mumbai North West,Ravindra Dattaram Waikar,Maharashtra,Shiv Sena,48
263,Mumbai North East,Sanjay Dina Patil,Maharashtra,Shiv Sena-UBT,"29,861"
264,Mumbai North Central,Varsha Eknath Gaikwad,Maharashtra,Congress,"16,514"
265,Mumbai South Central,Anil Yeshwant Desai,Maharashtra,Shiv Sena-UBT,"53,384"
266,Mumbai South,Arvind Ganpat Sawant,Maharashtra,Shiv Sena-UBT,"52,673"
267,Raigad,Sunil Dattatrey Tatkare,Maharashtra,NCP,"82,784"
268,Maval,Shrirang Appa Chandu Barne,Maharashtra,Shiv Sena,"96,615"
269,Pune,Murlidhar Mohol,Maharashtra,BJP,"1,23,038"
270,Baramati,Supriya Sule,Maharashtra,NCP-Sharad Pawar,"1,58,333"
271,Shirur,Dr Amol Ramsing Kolhe,Maharashtra,NCP-Sharad Pawar,"1,40,951"
272,Ahmednagar,Nilesh Dnyandev Lanke,Maharashtra,NCP-Sharad Pawar,"28,929"
273,Shirdi,Bhausaheb Rajaram Wakchaure,Maharashtra,Shiv Sena-UBT,"50,529"
274,Beed,Bajrang Manohar Sonwane,Maharashtra,NCP-Sharad Pawar,"6,553"
275,Osmanabad,Omprakash Bhupalsinh alias Pavan Rajenimbalkar,Maharashtra,Shiv Sena-UBT,"3,29,846"
276,Latur,Dr Shivaji Bandappa Kalge,Maharashtra,Congress,"61,881"
277,Solapur,Praniti Sushilkumar Shinde,Maharashtra,Congress,"74,197"
278,Madha,Dhairyasheel Rajsinh Mohite-Patil,Maharashtra,NCP-Sharad Pawar,"1,20,837"
279,Sangli,Vishal Dada Prakashbapu Patil,Maharashtra,Independent,"1,00,053"
280,Satara,Udyanraje Pratapsinha Bhonsle,Maharashtra,BJP,"32,771"
281,Ratnagiri-Sindhudurg,Narayan Tatu Rane,Maharashtra,BJP,"47,858"
282,Kolhapur,Chhatrapati Shahu Shahaji,Maharashtra,Congress,"1,54,964"
283,Hatkanangle,Dhairyasheel Sambhajirao Mane,Maharashtra,Shiv Sena,"13,426"
284,Inner Manipur,Angomcha Bimol Akoijam,Manipur,Congress,"1,09,801"
285,Outer Manipur,Alfred Kanngam S Arthur,Manipur,Congress,"85,418"
286,Shillong,Dr Ricky Andrew J Syngkon,Meghalaya,VPP,"3,71,910"
287,Tura,Saleng A Sangma,Meghalaya,Congress,"1,55,241"
288,Mizoram,Richard Vanlalhmangaiha,Mizoram,ZPM,"68,288"
289,Nagaland,S Supongmeren Jamir,Nagaland,Congress,"50,984"
290,Chandni Chowk,Praveen Khandelwal,Delhi,BJP,"89,325"
291,North East Delhi,Manoj Tiwari,Delhi,BJP,"1,38,778"
292,East Delhi,Harsh Malhotra,Delhi,BJP,"93,663"
293,New Delhi,Bansuri Swaraj,Delhi,BJP,"78,370"
294,North West Delhi,Yogender Chandolia,Delhi,BJP,"2,90,849"
295,West Delhi,Kamaljeet Sehrawat,Delhi,BJP,"1,99,013"
296,South Delhi,Ramvir Singh Bidhuri,Delhi,BJP,"1,24,333"
297,Bargarh,Pradeep Purohit,Odisha,BJP,"2,51,667"
298,Sundargarh,Jual Oram,Odisha,BJP,"1,38,808"
299,Sambalpur,Dharmendra Pradhan,Odisha,BJP,"1,19,836"
300,Keonjhar,Ananta Nayak,Odisha,BJP,"97,042"
301,Mayurbhanj,Naba Charan Majhi,Odisha,BJP,"2,19,334"
302,Balasore,Pratap Chandra Sarangi,Odisha,BJP,"1,47,156"
303,Bhadrak,Avimanyu Sethi,Odisha,BJP,"91,544"
304,Jajpur,Rabindra Narayan Behera,Odisha,BJP,"1,587"
305,Dhenkanal,Rudra Narayan Pany,Odisha,BJP,"76,567"
306,Bolangir,Sangeeta Kumari Singh Deo,Odisha,BJP,"1,32,664"
307,Kalahandi,Malvika Devi,Odisha,BJP,"1,33,813"
308,Nabarangpur,Balbhadra Majhi,Odisha,BJP,"87,536"
309,Kandhamal,Sukanta Kumar Panigrahi,Odisha,BJP,"21,371"
310,Cuttack,Bhartruhari Mahtab,Odisha,BJP,"57,077"
311,Kendrapara,Baijayant 'Jay' Panda,Odisha,BJP,"66,536"
312,Jagatsinghpur,Bibhu Prasad Tarai,Odisha,BJP,"40,696"
313,Puri,Sambit Patra,Odisha,BJP,"1,04,709"
314,Bhubaneswar,Aparajita Sarangi,Odisha,BJP,"35,152"
315,Aska,Anita Subhadarshini,Odisha,BJP,"99,974"
316,Berhampur,Dr Pradeep Kumar Panigrahy,Odisha,BJP,"1,65,476"
317,Koraput,Saptagiri Sankar Ulaka,Odisha,Congress,"1,47,744"
318,Puducherry,Ve Vaithilingam,Puducherry,Congress,"1,36,516"
319,Gurdaspur,Sukhjinder Singh Randhawa,Punjab,Congress,"82,861"
320,Amritsar,Gurjeet Singh Aujla,Punjab,Congress,"40,301"
321,Khadoor Sahib,Amritpal Singh,Punjab,Independent,"1,97,120"
322,Jalandhar,Charanjit Singh Channi,Punjab,Congress,"1,75,993"
323,Hoshiarpur,Dr Raj Kumar Chabbewal,Punjab,AAP,"44,111"
324,Anandpur Sahib,Malvinder Singh Kang,Punjab,AAP,"10,846"
325,Ludhiana,Amrinder Singh Raja Warring,Punjab,Congress,"20,942"
326,Fatehgarh Sahib,Amar Singh,Punjab,Congress,"34,202"
327,Faridkot,Sarabjeet Singh Khalsa,Punjab,Independent,"70,053"
328,Firozpur,Sher Singh Ghubaya,Punjab,Congress,"3,242"
329,Bathinda,Harsimrat Kaur Badal,Punjab,Shiromani Akali Dal,"49,656"
330,Sangrur,Gurmeet Singh Meet Hayer,Punjab,AAP,"1,72,560"
331,Patiala,Dr Dharamvira Gandhi,Punjab,Congress,"14,831"
332,Ganganagar,Kuldeep Indora,Rajasthan,Congress,"88,153"
333,Bikaner,Arjun Ram Meghwal,Rajasthan,BJP,"55,711"
334,Churu,Rahul Kaswan,Rajasthan,Congress,"72,737"
335,Jhunjhunu,Brijendra Singh Ola,Rajasthan,Congress,"18,235"
336,Sikar,Amra Ram,Rajasthan,CPM,"72,896"
337,Jaipur Rural,Rao Rajendra Singh,Rajasthan,BJP,"1,615"
338,Jaipur,Manju Sharma,Rajasthan,BJP,"3,31,767"
339,Alwar,Bhupender Yadav,Rajasthan,BJP,"48,282"
340,Bharatpur,Sanjana Jatav,Rajasthan,Congress,"51,983"
341,Karauli-Dholpur,Bhajan Lal Jatav,Rajasthan,Congress,"98,945"
342,Dausa,Murali Lal Meena,Rajasthan,Congress,"2,37,340"
343,Tonk-Sawai Madhopur,Harish Chandra Meena,Rajasthan,Congress,"64,949"
344,Ajmer,Bhagirath Choudhary,Rajasthan,BJP,"3,29,991"
345,Nagaur,Hanuman Beniwal,Rajasthan,RLP,"42,225"
346,Pali,PP Chaudhary,Rajasthan,BJP,"2,45,351"
347,Jodhpur,Gajendra Singh Shekhawat,Rajasthan,BJP,"1,15,677"
348,Barmer,Ummeda Ram Beniwal,Rajasthan,Congress,"1,18,176"
49,Jalore,Lumbaram Choudhary,Rajasthan,BJP,"2,01,543"
350,Udaipur,Manna Lal Rawat,Rajasthan,BJP,"2,61,608"
351,Banswara,Raj Kumar Roat,Rajasthan,BAP,"2,47,054"
352,Chittorgarh,Chandra Prakash Joshi,Rajasthan,BJP,"3,89,877"
353,Rajsamand,Mahima Kumari Mewar,Rajasthan,BJP,"3,92,223"
354,Bhilwara,Damodar Agarwal,Rajasthan,BJP,"3,54,606"
355,Kota,Om Birla,Rajasthan,BJP,"41,974"
356,Jhalawar-Baran,Dushyant Singh,Rajasthan,BJP,"3,70,989"
357,Sikkim,Indra Hang Subba,Sikkim,SKM,"80,830"
358,Thiruvallur,Sasikanth Senthil,Tamil Nadu,Congress,"5,72,155"
359,Chennai North,Dr Kalanidhi Veeraswamy,Tamil Nadu,DMK,"3,39,222"
360,Chennai South,T Sumathy alias Thamizhachi Thangapandian,Tamil Nadu,DMK,"2,25,945"
361,Chennai Central,Dayanidhi Maran,Tamil Nadu,DMK,"2,44,689"
362,Sriperumbudur,TR Baalu,Tamil Nadu,DMK,"4,87,089"
363,Kancheepuram,G Selvam,Tamil Nadu,DMK,"2,21,473"
364,Arakkonam,S Jagathratchakan,Tamil Nadu,DMK,"3,06,559"
365,Vellore,DM Kathir Anand,Tamil Nadu,DMK,"2,15,702"
366,Krishnagiri,K Gopinath,Tamil Nadu,Congress,"1,92,486"
367,Dharmapuri,A Mani,Tamil Nadu,DMK,"21,300"
368,Tiruvannamalai,CN Annadurai,Tamil Nadu,DMK,"2,33,931"
369,Arani,MS Tharaniventhan,Tamil Nadu,DMK,"2,08,766"
370,Villupuram,D Ravikumar,Tamil Nadu,VCK,"70,703"
371,Kallakurichi,D Malaiyarasan,Tamil Nadu,DMK,"53,784"
372,Salem,TM Selvaganapathi,Tamil Nadu,DMK,"70,357"
373,Namakkal,VS Matheswaran,Tamil Nadu,DMK,"29,112"
374,Erode,KE Prakash,Tamil Nadu,DMK,"2,36,566"
375,Tiruppur,K Subbarayan,Tamil Nadu,CPI,"1,25,928"
376,Nilgiris,A Raja,Tamil Nadu,DMK,"2,40,585"
377,Coimbatore,P Ganapathy Rajkumar,Tamil Nadu,DMK,"1,18,068"
378,Pollachi,K Eswarasamy,Tamil Nadu,DMK,"2,52,042"
379,Dindigul,R Sachithanantham,Tamil Nadu,CPM,"4,43,821"
380,Karur,S Jothimani,Tamil Nadu,Congress,"1,66,816"
381,Tiruchirappalli,Durai Vaiko,Tamil Nadu,MDMK,"3,13,094"
382,Perambalur,Arun Nehru,Tamil Nadu,DMK,"3,89,107"
383,Cuddalore,MK Vishnuprasad,Tamil Nadu,Congress,"1,85,896"
384,Chidambaram,Thol Thirumaavalavan,Tamil Nadu,VCK,"1,03,554"
385,Mayiladuturai,R Sudha,Tamil Nadu,Congress,"2,71,183"
386,Nagapattinam,V Selvaraj,Tamil Nadu,CPI,"2,08,957"
387,Thanjavur,S Murasoli,Tamil Nadu,DMK,"3,19,583"
388,Sivaganga,Karti P Chidambaram,Tamil Nadu,Congress,"2,05,664"
389,Madurai,S Venkatesan,Tamil Nadu,CPM,"2,09,409"
390,Theni,Thanga Tamilselvan,Tamil Nadu,DMK,"2,78,825"
391,Virudhunagar,Manickam Tagore,Tamil Nadu,Congress,"4,379"
392,Ramanathapuram,K Navaskani,Tamil Nadu,IUML,"1,66,782"
393,Thoothukudi,Kanimozhi Karunanidhi,Tamil Nadu,DMK,"3,92,738"
394,Tenkasi,Dr Rani Sri Kumar,Tamil Nadu,DMK,"1,96,199"
395,Tirunelveli,C Robert Bruce,Tamil Nadu,Congress,"1,65,620"
396,Kanniyakumari,Vijay Vasanth,Tamil Nadu,Congress,"1,79,907"
397,Adilabad,Godam Nagesh,Telangana,BJP,"90,652"
398,Peddapalle,Vamsi Krishna Gaddam,Telangana,Congress,"1,31,364"
399,Karimnagar,Bandi Sanjay Kumar,Telangana,BJP,"2,25,209"
400,Nizamabad,Arvind Dharamapuri,Telangana,BJP,"1,09,241"
401,Zahirabad,Suresh Kumar Shetkar,Telangana,Congress,"46,188"
402,Medak,Madhavaneni Raghunandan Rao,Telangana,BJP,"39,139"
403,Malkajgiri,Eatala Rajender,Telangana,BJP,"3,91,475"
404,Secunderabad,G Kishan Reddy,Telangana,BJP,"49,944"
405,Hyderabad,Asaduddin Owaisi,Telangana,AIMIM,"3,38,087"
406,Chevella,Konda Vishweshwar Reddy,Telangana,BJP,"1,72,897"
407,Mahbubnagar,DK Aruna,Telangana,BJP,"4,500"
408,Nagarkurnool,Dr Mallu Ravi,Telangana,Congress,"94,414"
409,Nalgonda,Kunduru Raghuveer,Telangana,Congress,"5,59,905"
410,Bhongir (Bhuvanagiri),Chamala Kiran Kumar Reddy,Telangana,Congress,"2,22,170"
411,Warangal,Kadiyam Kavya,Telangana,Congress,"2,20,339"
412,Mahabubabad,Balram Naik Porika,Telangana,Congress,"3,49,165"
413,Khammam,Ramasahayam Raghuram Reddy,Telangana,Congress,"4,67,847"
414,Tripura West,Biplab Kumar Deb,Tripura,BJP,"6,11,578"
415,Tripura East,Kriti Devi Debbarman,Tripura,BJP,"4,86,819"
416,Saharanpur,Imran Masood,Uttar Pradesh,Congress,"64,542"
417,Kairana,Iqra Choudhary,Uttar Pradesh,SP,"69,116"
418,Muzaffarnagar,Harendra Singh Malik,Uttar Pradesh,SP,"24,672"
419,Bijnor,Chandan Chauhan,Uttar Pradesh,RLD,"37,508"
420,Nagina,Chandrashekhar Azad 'Ravan',Uttar Pradesh,ASP-KR,"1,51,473"
421,Moradabad,Ruchi Vira,Uttar Pradesh,SP,"1,05,762"
422,Rampur,Mohibullah Nadvi,Uttar Pradesh,SP,"87,434"
423,Sambhal,Zia-ur-Rehman,Uttar Pradesh,SP,"1,21,494"
424,Amroha,Kanwar Singh Tanwar,Uttar Pradesh,BJP,"28,670"
425,Meerut,Arun Govil,Uttar Pradesh,BJP,"10,585"
426,Baghpat,Dr Rajkumar Sangwan,Uttar Pradesh,RLD,"1,59,459"
427,Ghaziabad,Atul Garg,Uttar Pradesh,BJP,"3,36,965"
428,Gautam Budhha Nagar,Dr Mahesh Sharma,Uttar Pradesh,BJP,"5,59,472"
429,Bulandshahr,Dr Bhola Singh,Uttar Pradesh,BJP,"2,75,134"
430,Aligarh,Satish Kumar Gautam,Uttar Pradesh,BJP,"15,647"
431,Hathras,Anoop Pradhan Balmiki,Uttar Pradesh,BJP,"2,47,318"
432,Mathura,Hema Malini,Uttar Pradesh,BJP,"2,93,407"
433,Agra,SP Singh Baghel,Uttar Pradesh,BJP,"2,71,294"
434,Fatehpur Sikri,Rajkumar Chahar,Uttar Pradesh,BJP,"43,405"
435,Firozabad,Akshay Yadav,Uttar Pradesh,SP,"89,312"
436,Mainpuri,Dimple Yadav,Uttar Pradesh,SP,"2,21,639"
437,Etah,Devesh Shakya,Uttar Pradesh,SP,"28,052"
438,Badaun,Aditya Yadav,Uttar Pradesh,SP,"34,991"
439,Aonla,Neeraj Maurya,Uttar Pradesh,SP,"15,969"
440,Bareilly,Chhatra Pal Singh Gangwar,Uttar Pradesh,BJP,"34,804"
441,Pilibhit,Jitin Prasada,Uttar Pradesh,BJP,"1,64,935"
442,Shahjahanpur,Arun Kumar Sagar,Uttar Pradesh,BJP,"55,379"
443,Kheri,Utkarsh Verma 'Madhur',Uttar Pradesh,SP,"34,329"
444,Dhaurahra,Anand Bhadauriya,Uttar Pradesh,SP,"4,449"
445,Sitapur,Rakesh Rathor,Uttar Pradesh,Congress,"89,641"
446,Hardoi,Jai Prakash Rawat,Uttar Pradesh,BJP,"27,856"
447,Misrikh,Ashok Kumar Rawat,Uttar Pradesh,BJP,"33,406"
448,Unnao,Swami Sachchidanand Hari Sakshi,Uttar Pradesh,BJP,"35,818"
449,Mohanlalganj,RK Chaudhary,Uttar Pradesh,SP,"70,292"
450,Lucknow,Rajnath Singh,Uttar Pradesh,BJP,"1,35,159"
451,Rae Bareli,Rahul Gandhi,Uttar Pradesh,Congress,"3,90,030"
452,Amethi,Kishori Lal Sharma,Uttar Pradesh,Congress,"1,67,196"
453,Sultanpur,Rambhual Nishad,Uttar Pradesh,SP,"43,174"
454,Pratapgarh,Dr Shiv Pal Singh Patel,Uttar Pradesh,SP,"66,206"
455,Farrukhabad,Mukesh Rajput,Uttar Pradesh,BJP,"2,678"
456,Etawah,Jitendra Kumar Dohare,Uttar Pradesh,SP,"58,419"
457,Kannauj,Akhilesh Yadav,Uttar Pradesh,SP,"1,70,922"
458,Kanpur,Ramesh Awasthi,Uttar Pradesh,BJP,"20,968"
459,Akbarpur,Devendra Singh alias Bhole Singh,Uttar Pradesh,BJP,"44,345"
460,Jalaun,Narayan Das Ahirwar,Uttar Pradesh,SP,"53,898"
461,Jhansi,Anurag Sharma,Uttar Pradesh,BJP,"1,02,614"
462,Hamirpur,Ajendra Singh Lodhi,Uttar Pradesh,SP,"2,629"
463,Banda,Krishna Devi Shivshanker Patel,Uttar Pradesh,SP,"71,210"
464,Fatehpur,Naresh Chandra Uttam Patel,Uttar Pradesh,SP,"33,199"
465,Kaushambi,Pushpendra Saroj,Uttar Pradesh,SP,"1,03,944"
466,Phulpur,Praveen Patel,Uttar Pradesh,BJP,"4,332"
467,Allahabad (Prayagraj),Ujjwal Raman Singh,Uttar Pradesh,Congress,"58,795"
468,Barabanki,Tanuj Punia,Uttar Pradesh,Congress,"2,15,704"
469,Faizabad,Awadhesh Prasad,Uttar Pradesh,SP,"54,567"
470,Ambedkar Nagar,Lalji Verma,Uttar Pradesh,SP,"1,37,247"
471,Baharaich,Anand Kumar,Uttar Pradesh,BJP,"64,227"
472,Kaiserganj,Karan Bhushan Singh,Uttar Pradesh,BJP,"1,48,843"
473,Shrawasti,Ram Shiromani Verma,Uttar Pradesh,SP,"76,673"
474,Gonda,Kirtivardhan Singh,Uttar Pradesh,BJP,"46,224"
475,Domariyaganj,Jagdambika Pal,Uttar Pradesh,BJP,"42,728"
476,Basti,Ram Prasad Chaudhary,Uttar Pradesh,SP,"1,00,994"
477,Sant Kabir Nagar,Laxmikant Pappu Nishad,Uttar Pradesh,SP,"92,170"
478,Maharajganj,Pankaj Chaudhary,Uttar Pradesh,BJP,"35,451"
479,Gorakhpur,Ravi Kishan,Uttar Pradesh,BJP,"1,03,526"
480,Kushi Nagar,Vijay Kumar Dubey,Uttar Pradesh,BJP,"81,790"
481,Deoria,Shashank Mani Tripathi,Uttar Pradesh,BJP,"34,842"
482,Bansgaon,Kamlesh Paswan,Uttar Pradesh,BJP,"3,150"
483,Lalganj,Daroga Prasad Saroj,Uttar Pradesh,SP,"1,15,023"
484,Azamgarh,Dharmendra Yadav,Uttar Pradesh,SP,"1,61,035"
485,Ghosi,Rajeev Rai,Uttar Pradesh,SP,"1,62,943"
486,Salempur,Ramashankar Rajbhar,Uttar Pradesh,SP,"3,573"
487,Ballia,Sanatan Pandey,Uttar Pradesh,SP,"43,384"
488,Jaunpur,Babu Singh Kushwaha,Uttar Pradesh,SP,"99,335"
489,Machhlishahr,Priya Saroj,Uttar Pradesh,SP,"35,850"
490,Ghazipur,Afzal Ansari,Uttar Pradesh,SP,"1,24,861"
491,Chandauli,Birendra Singh,Uttar Pradesh,SP,"21,565"
492,Varanasi,Narendra Modi,Uttar Pradesh,BJP,"1,52,513"
493,Bhadohi,Dr Vinod Kumar Bind,Uttar Pradesh,BJP,"44,072"
494,Mirzapur,Anupriya Patel,Uttar Pradesh,Apna Dal-S,"37,810"
495,Robertsganj,Chhotelal Kharwar,Uttar Pradesh,SP,"1,29,234"
496,Tehri Garhwal,Mala Rajya Lakshmi Shah,Uttarakhand,BJP,"2,72,493"
497,Garhwal,Anil Baluni,Uttarakhand,BJP,"1,63,503"
498,Almora,Ajay Tamta,Uttarakhand,BJP,"2,34,097"
499,Nainital-Udhamsingh Nagar,Ajay Bhatt,Uttarakhand,BJP,"3,34,548"
500,Haridwar,Trivendra Singh Rawat,Uttarakhand,BJP,"1,64,056"
501,Cooch Behar,Jagadish Chandra Barma Basunia,West Bengal,TMC,"39,250"
502,Alipurduars,Manoj Tigga,West Bengal,BJP,"75,447"
503,Jalpaiguri,Dr Jayanta Kumar Roy,West Bengal,BJP,"86,693"
504,Darjeeling,Raju Singh Bista,West Bengal,BJP,"1,78,525"
505,Raiganj,Kartick Chandra Paul,West Bengal,BJP,"68,197"
506,Balurghat,Sukanta Majumdar,West Bengal,BJP,"10,386"
507,Maldaha Uttar,Khagen Murmu,West Bengal,BJP,"77,708"
508,Maldaha Dakshin,Isha Khan Choudhury,West Bengal,Congress,"1,28,368"
509,Jangipur,Khalilur Rahaman,West Bengal,TMC,"1,16,637"
510,Baharampur,Yusuf Pathan,West Bengal,TMC,"85,022"
511,Murshidabad,Abu Taher Khan,West Bengal,TMC,"1,64,215"
512,Krishnanagar,Mahua Moitra,West Bengal,TMC,"56,705"
513,Ranaghat,Jagannath Sarkar,West Bengal,BJP,"1,86,899"
514,Bangaon,Shantanu Thakur,West Bengal,BJP,"73,693"
515,Barrackpore,Partha Bhowmick,West Bengal,TMC,"64,438"
516,Dum Dum,Sougata Roy,West Bengal,TMC,"70,660"
517,Barasat,Kakoli Ghosh Dastidar,West Bengal,TMC,"1,14,189"
518,Basirhat,Sk Nurul Islam,West Bengal,TMC,"3,33,547"
519,Jaynagar,Pratima Mondal,West Bengal,TMC,"4,70,219"
520,Mathurapur,Bapi Haldar,West Bengal,TMC,"2,01,057"
521,Diamond Harbour,Abhishek Banerjee,West Bengal,TMC,"7,10,930"
522,Jadavpur,Sayani Ghosh,West Bengal,TMC,"2,58,201"
523,Kolkata Dakshin,Mala Roy,West Bengal,TMC,"1,87,231"
524,Kolkata Uttar,Sudip Bandyopadhyay,West Bengal,TMC,"92,560"
525,Howrah,Prasun Banerjee,West Bengal,TMC,"1,69,442"
526,Uluberia,Sajda Ahmed,West Bengal,TMC,"2,18,673"
527,Sreerampur,Kalyan Banerjee,West Bengal,TMC,"1,74,830"
528,Hooghly,Rachna Banerjee,West Bengal,TMC,"76,853"
529,Arambagh,Mitali Bag,West Bengal,TMC,"6,399"
530,Tamluk,Abhijit Gangopadhyay,West Bengal,BJP,"77,733"
531,Kanthi,Soumendu Adhikari,West Bengal,BJP,"47,764"
532,Ghatal,Deepak Adhikari Dev,West Bengal,TMC,"1,82,868"
533,Jhargram,Kalipada Soren,West Bengal,TMC,"1,74,048"
534,Medinipur,June Maliah,West Bengal,TMC,"27,191"
535,Purulia,Jyotirmoy Singh Mahato,West Bengal,BJP,"17,079"
536,Bankura,Arup Chakraborty,West Bengal,TMC,"32,778"
537,Bishnupur,Saumitra Khan,West Bengal,BJP,"5,567"
538,Bardhaman Purba,Dr Sharmila Sarkar,West Bengal,TMC,"1,60,572"
539,Bardhaman-Durgapur,Kirti Jha Azad,West Bengal,TMC,"1,37,981"
540,Asansol,Shatrughan Sinha,West Bengal,TMC,"59,564"
541,Bolpur,Asit Kumar Mal,West Bengal,TMC,"3,27,253"
542,Birbhum,Satabdi Roy,West Bengal,TMC,"1,97,650"
543,Andaman and Nicobar Islands,Bishnu Pada Ray,Andaman and Nicobar Islands,BJP,"24,396"
